Workbook

Sheet 1
A1: 126 | D1: CGK | G1: 91929552 | AT1: =A1&"-"&G1 -> 126-91929552
A2: Shipper's Name and Address | T2: Shipper's Account Number | AH2: Not Negotiable | AN2: GARUDA INDONESIA
A3: PT. NUR INFINIT INDOALEA GLOBAL | AH3: Airway Bill
A4: JALAN GADING KIRANA TIMUR, A-11 / 15 DESA KELAPA GADING BARAT, KEC. KELAPA GADING, KOTA ADM. JAKARTA UTARA,PROVINSI DKI JAKARTA,14240 TLP +087835048980 | AH4: Issued by
AH6: Copies 1, 2 and 3 of this Air Waybill are originals and have the same validity
A7: Consignee Name and Address | T7: Consignee's Account Number | AH7: It is agreed that the goods described herein are accepted in apparent good order and condition (except as noted) for carriage SUBJECT TO THE CONDITIONS OF CONTRACT ON THE REVERSE HEREOF. ALL GOODS MAY BE CARRIED BY ANY OTHER MEANS INCLUDING ROAD OR ANY OTHER CARRIER UNLESS SPECIFIC CONTRARY INSTRUCTIONS ARE GIVEN HEREON BY THE SHIPPER, AND SHIPPER AGREES THAT THE SHIPMENT MAY BE CARRIED VIA INTERMEDIATE STOPPING PLACES WHICH THE CARRIER DEEMS APPROPRIATE. THE SHIPPER’S ATTENTION IS DRAWN TO THE NOTICE CONCERNING CARRIER’S LIMITATION OF LIABILITY. Shipper may increase such limitation of liability by declaring a higher value for carriage and paying a supplemental charge if required.
A8: LINEHAUL EXPRESS SINGAPORE PTE LTD
A9: 7 AIRLINE ROAD, 03-12 CARGO AGENT'S BUILDING - E SINGAPORE - 819834 PHONE +65 65453778
A13: Issuing Carrier's Agent Name and City | AH13: Accounting Information
A14: PT PLI
A16: Agent's IATA Code | Q16: Account No.
A18: Airport of Departure (Addr. Of First Carrier) and Requested Routing
A19: SOEKARNO-HATTA INTERNATIONAL AIRPORT
A20: SIN | D20: By first Carrier | V20: to MLE | Y20: by AK | AB20: to | AE20: by | AH20: Currency | AL20: Chgs. Code | AN20: WT/VAL | AR20: Other | AV20: Declared Value for Carriage | BE20: Declared Value for Customs
D21: GARUDA INDONESIA | AH21: IDR | AN21: PPD | AP21: COLL | AR21: PPD | AT21: COLL | AV21: NVD | BE21: NCV
A22: Airport of Destination | R22: Flight/Date | AD22: Flight/Date | AH22: Amount of Insurance | AR22: INSURANCE - if carrier others Insurance, and such insurance is requested in accordance with the conditions the real, indicate amount to be insured in figures in box marked "Amount of Insurance".
A23: SINGAPORE | R23: GA 824 | Z23: 46171 | AH23: NIL
A24: Handling Information
A27: No. of Pieces RCP | D27: Gross Weight | J27: kg lb | L27: Rate Class | S27: Chargeable Weight | AA27: Rate | AI27: Total | AS27: Nature and Quantity of Goods (Incl. Dimensions or Volume)
M28: Commodity Item No. | AE28: Charges
A29: 23 | D29: 398 | J29: K | L29: Q | S29: 398 | AA29: 16800 | AI29: =AA29*S29 -> 6686400
A38: =AI29 -> 6686400 | AB38: Other Charges
AB44: Shipper certifies that the particulars on the face hereof are correct and that insofar as any part of the consignment contains dangerous goods, such part is property described by name and is in proper condition for carriage by air according to the applicable Dangerous Goods Regulations.
A46: =55500+(D29*84)+(D29*1887)+(D29*533) -> 1052092 | AB46: =A3 -> PT. NUR INFINIT INDOALEA GLOBAL
AB48: Signature of Shipper of this Agent
A50: =A38+A46 -> 7738492
AC52: 46171 | AO52: CGK
AB53: Executed on | AJ53: (Date) | AP53: At | AU53: (Place) | BA53: Signature of Issuing Carrier or its Agent
A54: For Carrier's Use Only At Destination | AO54: =AT1 -> 126-91929552
A56: Original 1 - (For Issuing Carrier)

Sheet 2
A1: ='1'!A1 -> 126 | D1: CGK | G1: ='1'!G1 -> 91929552 | AT1: ='1'!AT1 -> 126-91929552
A2: Shipper's Name and Address | T2: Shipper's Account Number | AH2: Not Negotiable | AN2: ='1'!AN2 -> GARUDA INDONESIA
A3: ='1'!A3 -> PT. NUR INFINIT INDOALEA GLOBAL | AH3: Air Waybill
A4: ='1'!A4 -> JALAN GADING KIRANA TIMUR, A-11 / 15 DESA KELAPA GADING BARAT, KEC. KELAPA GADING, KOTA ADM. JAKARTA UTARA,PROVINSI DKI JAKARTA,14240 TLP +087835048980 | AH4: Issued by
AH6: Copies 1, 2 and 3 of this Air Waybill are originals and have the same validity
A7: Consignee Name and Address | T7: Consignee's Account Number | AH7: It is agreed that the goods described herein are accepted in apparent good order and condition (except as noted) for carriage SUBJECT TO THE CONDITIONS OF CONTRACT ON THE REVERSE HEREOF. ALL GOODS MAY BE CARRIED BY ANY OTHER MEANS INCLUDING ROAD OR ANY OTHER CARRIER UNLESS SPECIFIC CONTRARY INSTRUCTIONS ARE GIVEN HEREON BY THE SHIPPER, AND SHIPPER AGREES THAT THE SHIPMENT MAY BE CARRIED VIA INTERMEDIATE STOPPING PLACES WHICH THE CARRIER DEEMS APPROPRIATE. THE SHIPPER’S ATTENTION IS DRAWN TO THE NOTICE CONCERNING CARRIER’S LIMITATION OF LIABILITY. Shipper may increase such limitation of liability by declaring a higher value for carriage and paying a supplemental charge if required.
A8: ='1'!A8 -> LINEHAUL EXPRESS SINGAPORE PTE LTD
A9: ='1'!A9 -> 7 AIRLINE ROAD, 03-12 CARGO AGENT'S BUILDING - E SINGAPORE - 819834 PHONE +65 65453778
A13: Issuing Carrier's Agent Name and City | AH13: Accounting Information
A14: ='1'!A14 -> PT PLI
A16: Agent's IATA Code | Q16: Account No.
A18: Airport of Departure (Addr. Of First Carrier) and Requested Routing
A19: ='1'!A19 -> SOEKARNO-HATTA INTERNATIONAL AIRPORT
A20: ='1'!A20 -> SIN | D20: By first Carrier | V20: to | Y20: by | AB20: to | AE20: by | AH20: Currency | AL20: Chgs. Code | AN20: WT/VAL | AR20: Other | AV20: Declared Value for Carriage | BE20: Declared Value for Customs
D21: ='1'!D21 -> GARUDA INDONESIA | AH21: ='1'!AH21 -> IDR | AN21: PPD | AP21: COLL | AR21: PPD | AT21: COLL | AV21: ='1'!AV21 -> NVD | BE21: ='1'!BE21 -> NCV
A22: Airport of Destination | R22: Flight/Date | AD22: Flight/Date | AH22: Amount of Insurance | AR22: INSURANCE - if carrier others Insurance, and such insurance is requested in accordance with the conditions the real, indicate amount to be insured in figures in box marked "Amount of Insurance".
A23: ='1'!A23 -> SINGAPORE | R23: ='1'!R23 -> GA 824 | Z23: ='1'!Z23 -> 46171 | AH23: NIL
A24: Handling Information
A27: No. of Pieces RCP | D27: Gross Weight | J27: kg lb | L27: Rate Class | S27: Chargeable Weight | AA27: Rate | AI27: Total | AS27: Nature and Quantity of Goods (Incl. Dimensions or Volume)
M28: Commodity Item No. | AE28: Charges
A29: ='1'!A29 -> 23 | D29: ='1'!D29 -> 398 | J29: K | L29: Q | S29: ='1'!S29 -> 398 | AA29: ='1'!AA29 -> 16800 | AI29: ='1'!AI29 -> 6686400 | AS29: ='1'!AS29 -> 0
A38: =AI29 -> 6686400 | AB38: Other Charges
AB44: Shipper certifies that the particulars on the face hereof are correct and that insofar as any part of the consignment contains dangerous goods, such part is property described by name and is in proper condition for carriage by air according to the applicable Dangerous Goods Regulations.
A46: ='1'!A46 -> 1052092 | AB46: =A3 -> PT. NUR INFINIT INDOALEA GLOBAL
AB48: Signature of Shipper of this Agent
A50: =A38+A46 -> 7738492
AC52: ='1'!AC52 -> 46171 | AO52: ='1'!AO52 -> CGK
AB53: Executed on | AJ53: (Date) | AP53: At | AU53: (Place) | BA53: Signature of Issuing Carrier or its Agent
A54: For Carrier's Use Only At Destination | AO54: =AT1 -> 126-91929552
A56: Original 2 - (For Consignee)

Sheet 3
A1: ='2'!A1 -> 126 | D1: CGK | G1: ='1'!G1 -> 91929552 | AT1: ='1'!AT1 -> 126-91929552
A2: Shipper's Name and Address | T2: Shipper's Account Number | AH2: Not Negotiable | AN2: ='2'!AN2 -> GARUDA INDONESIA
A3: ='1'!A3 -> PT. NUR INFINIT INDOALEA GLOBAL | AH3: Air Waybill
A4: JALAN GADING KIRANA TIMUR, A-11 / 15 DESA KELAPA GADING BARAT, KEC. KELAPA GADING, KOTA ADM. JAKARTA UTARA,PROVINSI DKI JAKARTA, KODE POS 14240 TLP +087835048980 | AH4: Issued by
AH6: Copies 1, 2 and 3 of this Air Waybill are originals and have the same validity
A7: Consignee Name and Address | T7: Consignee's Account Number | AH7: It is agreed that the goods described herein are accepted in apparent good order and condition (except as noted) for carriage SUBJECT TO THE CONDITIONS OF CONTRACT ON THE REVERSE HEREOF. ALL GOODS MAY BE CARRIED BY ANY OTHER MEANS INCLUDING ROAD OR ANY OTHER CARRIER UNLESS SPECIFIC CONTRARY INSTRUCTIONS ARE GIVEN HEREON BY THE SHIPPER, AND SHIPPER AGREES THAT THE SHIPMENT MAY BE CARRIED VIA INTERMEDIATE STOPPING PLACES WHICH THE CARRIER DEEMS APPROPRIATE. THE SHIPPER’S ATTENTION IS DRAWN TO THE NOTICE CONCERNING CARRIER’S LIMITATION OF LIABILITY. Shipper may increase such limitation of liability by declaring a higher value for carriage and paying a supplemental charge if required.
A8: ='1'!A8 -> LINEHAUL EXPRESS SINGAPORE PTE LTD
A9: ='1'!A9 -> 7 AIRLINE ROAD, 03-12 CARGO AGENT'S BUILDING - E SINGAPORE - 819834 PHONE +65 65453778
A13: Issuing Carrier's Agent Name and City | AH13: Accounting Information
A14: ='1'!A14 -> PT PLI
A16: Agent's IATA Code | Q16: Account No.
A18: Airport of Departure (Addr. Of First Carrier) and Requested Routing
A19: ='1'!A19 -> SOEKARNO-HATTA INTERNATIONAL AIRPORT
A20: ='1'!A20 -> SIN | D20: By first Carrier | V20: to | Y20: by | AB20: to | AE20: by | AH20: Currency | AL20: Chgs. Code | AN20: WT/VAL | AR20: Other | AV20: Declared Value for Carriage | BE20: Declared Value for Customs
D21: ='1'!D21 -> GARUDA INDONESIA | AH21: ='1'!AH21 -> IDR | AN21: PPD X | AP21: COLL X | AR21: PPD X | AT21: COLL | AV21: ='1'!AV21 -> NVD | BE21: ='1'!BE21 -> NCV
A22: Airport of Destination | R22: Flight/Date | AD22: Flight/Date | AH22: Amount of Insurance | AR22: INSURANCE - if carrier others Insurance, and such insurance is requested in accordance with the conditions the real, indicate amount to be insured in figures in box marked "Amount of Insurance".
A23: ='1'!A23 -> SINGAPORE | R23: ='2'!R23 -> GA 824 | Z23: ='2'!Z23 -> 46171 | AH23: NIL
A24: Handling Information
A27: No. of Pieces RCP | D27: Gross Weight | J27: kg lb | L27: Rate Class | S27: Chargeable Weight | AA27: Rate | AI27: Total | AS27: Nature and Quantity of Goods (Incl. Dimensions or Volume)
M28: Commodity Item No. | AE28: Charges
A29: ='1'!A29 -> 23 | D29: ='2'!D29 -> 398 | J29: K | L29: Q | S29: ='2'!S29 -> 398 | AA29: ='2'!AA29 -> 16800 | AI29: ='1'!AI29 -> 6686400 | AS29: ='2'!AS29 -> 0
A38: =AI29 -> 6686400 | AB38: Other Charges
AB44: Shipper certifies that the particulars on the face hereof are correct and that insofar as any part of the consignment contains dangerous goods, such part is property described by name and is in proper condition for carriage by air according to the applicable Dangerous Goods Regulations.
A46: ='1'!A46 -> 1052092 | AB46: =A3 -> PT. NUR INFINIT INDOALEA GLOBAL
AB48: Signature of Shipper of this Agent
A50: =A38+A46 -> 7738492
AC52: ='1'!AC52 -> 46171 | AO52: ='1'!AO52 -> CGK
AB53: Executed on | AJ53: (Date) | AP53: At | AU53: (Place) | BA53: Signature of Issuing Carrier or its Agent
A54: For Carrier's Use Only At Destination | AO54: =AT1 -> 126-91929552
A56: Original 3 - (For Shipper)

Sheet 4
A1: ='1'!A1 -> 126 | D1: CGK | G1: ='1'!G1 -> 91929552 | AT1: ='1'!AT1 -> 126-91929552
A2: Shipper's Name and Address | T2: Shipper's Account Number | AH2: Not Negotiable | AN2: ='1'!AN2 -> GARUDA INDONESIA
A3: ='1'!A3 -> PT. NUR INFINIT INDOALEA GLOBAL | AH3: Air Waybill
A4: ='1'!A4 -> JALAN GADING KIRANA TIMUR, A-11 / 15 DESA KELAPA GADING BARAT, KEC. KELAPA GADING, KOTA ADM. JAKARTA UTARA,PROVINSI DKI JAKARTA,14240 TLP +087835048980 | AH4: Issued by
AH6: Copies 1, 2 and 3 of this Air Waybill are originals and have the same validity
A7: Consignee Name and Address | T7: Consignee's Account Number | AH7: It is agreed that the goods described herein are accepted in apparent good order and condition (except as noted) for carriage SUBJECT TO THE CONDITIONS OF CONTRACT ON THE REVERSE HEREOF. ALL GOODS MAY BE CARRIED BY ANY OTHER MEANS INCLUDING ROAD OR ANY OTHER CARRIER UNLESS SPECIFIC CONTRARY INSTRUCTIONS ARE GIVEN HEREON BY THE SHIPPER, AND SHIPPER AGREES THAT THE SHIPMENT MAY BE CARRIED VIA INTERMEDIATE STOPPING PLACES WHICH THE CARRIER DEEMS APPROPRIATE. THE SHIPPER’S ATTENTION IS DRAWN TO THE NOTICE CONCERNING CARRIER’S LIMITATION OF LIABILITY. Shipper may increase such limitation of liability by declaring a higher value for carriage and paying a supplemental charge if required.
A8: ='1'!A8 -> LINEHAUL EXPRESS SINGAPORE PTE LTD
A9: ='1'!A9 -> 7 AIRLINE ROAD, 03-12 CARGO AGENT'S BUILDING - E SINGAPORE - 819834 PHONE +65 65453778
A13: Issuing Carrier's Agent Name and City | AH13: Accounting Information
A14: ='1'!A14 -> PT PLI
A16: Agent's IATA Code | Q16: Account No.
A18: Airport of Departure (Addr. Of First Carrier) and Requested Routing
A19: ='1'!A19 -> SOEKARNO-HATTA INTERNATIONAL AIRPORT
A20: ='1'!A20 -> SIN | D20: By first Carrier | V20: to | Y20: by | AB20: to | AE20: by | AH20: Currency | AL20: Chgs. Code | AN20: WT/VAL | AR20: Other | AV20: Declared Value for Carriage | BE20: Declared Value for Customs
D21: ='1'!D21 -> GARUDA INDONESIA | AH21: ='1'!AH21 -> IDR | AN21: PPD | AP21: COLL | AR21: PPD | AT21: COLL | AV21: ='1'!AV21 -> NVD | BE21: ='1'!BE21 -> NCV
A22: Airport of Destination | R22: Flight/Date | AD22: Flight/Date | AH22: Amount of Insurance | AR22: INSURANCE - if carrier others Insurance, and such insurance is requested in accordance with the conditions the real, indicate amount to be insured in figures in box marked "Amount of Insurance".
A23: ='1'!A23 -> SINGAPORE | R23: ='3'!R23 -> GA 824 | Z23: ='3'!Z23 -> 46171 | AH23: NIL
A24: Handling Information
A27: No. of Pieces RCP | D27: Gross Weight | J27: kg lb | L27: Rate Class | S27: Chargeable Weight | AA27: Rate | AI27: Total | AS27: Nature and Quantity of Goods (Incl. Dimensions or Volume)
M28: Commodity Item No. | AE28: Charges
A29: ='1'!A29 -> 23 | D29: ='1'!D29 -> 398 | J29: K | L29: Q | S29: ='1'!S29 -> 398 | AA29: ='1'!AA29 -> 16800 | AI29: ='1'!AI29 -> 6686400 | AS29: ='3'!AS29 -> 0
A38: =AI29 -> 6686400 | AB38: Other Charges
AB44: Shipper certifies that the particulars on the face hereof are correct and that insofar as any part of the consignment contains dangerous goods, such part is property described by name and is in proper condition for carriage by air according to the applicable Dangerous Goods Regulations.
A46: ='1'!A46 -> 1052092 | AB46: =A3 -> PT. NUR INFINIT INDOALEA GLOBAL
AB48: Signature of Shipper of this Agent
A50: =A38+A46 -> 7738492
AC52: ='1'!AC52 -> 46171 | AO52: ='1'!AO52 -> CGK
AB53: Executed on | AJ53: (Date) | AP53: At | AU53: (Place) | BA53: Signature of Issuing Carrier or its Agent
A54: For Carrier's Use Only At Destination | AO54: =AT1 -> 126-91929552
A56: Copy 4 - (Delivery Receipt)

Sheet 5
A1: ='1'!A1 -> 126 | D1: CGK | G1: ='1'!G1 -> 91929552 | AT1: ='1'!AT1 -> 126-91929552
A2: Shipper's Name and Address | T2: Shipper's Account Number | AH2: Not Negotiable | AN2: ='1'!AN2 -> GARUDA INDONESIA
A3: ='1'!A3 -> PT. NUR INFINIT INDOALEA GLOBAL | AH3: Air Waybill
A4: ='1'!A4 -> JALAN GADING KIRANA TIMUR, A-11 / 15 DESA KELAPA GADING BARAT, KEC. KELAPA GADING, KOTA ADM. JAKARTA UTARA,PROVINSI DKI JAKARTA,14240 TLP +087835048980 | AH4: Issued by
AH6: Copies 1, 2 and 3 of this Air Waybill are originals and have the same validity
A7: Consignee Name and Address | T7: Consignee's Account Number | AH7: It is agreed that the goods described herein are accepted in apparent good order and condition (except as noted) for carriage SUBJECT TO THE CONDITIONS OF CONTRACT ON THE REVERSE HEREOF. ALL GOODS MAY BE CARRIED BY ANY OTHER MEANS INCLUDING ROAD OR ANY OTHER CARRIER UNLESS SPECIFIC CONTRARY INSTRUCTIONS ARE GIVEN HEREON BY THE SHIPPER, AND SHIPPER AGREES THAT THE SHIPMENT MAY BE CARRIED VIA INTERMEDIATE STOPPING PLACES WHICH THE CARRIER DEEMS APPROPRIATE. THE SHIPPER’S ATTENTION IS DRAWN TO THE NOTICE CONCERNING CARRIER’S LIMITATION OF LIABILITY. Shipper may increase such limitation of liability by declaring a higher value for carriage and paying a supplemental charge if required.
A8: ='1'!A8 -> LINEHAUL EXPRESS SINGAPORE PTE LTD
A9: ='1'!A9 -> 7 AIRLINE ROAD, 03-12 CARGO AGENT'S BUILDING - E SINGAPORE - 819834 PHONE +65 65453778
A13: Issuing Carrier's Agent Name and City | AH13: Accounting Information
A14: ='1'!A14 -> PT PLI
A16: Agent's IATA Code | Q16: Account No.
A18: Airport of Departure (Addr. Of First Carrier) and Requested Routing
A19: ='1'!A19 -> SOEKARNO-HATTA INTERNATIONAL AIRPORT
A20: ='1'!A20 -> SIN | D20: By first Carrier | V20: to | Y20: by | AB20: to | AE20: by | AH20: Currency | AL20: Chgs. Code | AN20: WT/VAL | AR20: Other | AV20: Declared Value for Carriage | BE20: Declared Value for Customs
D21: ='1'!D21 -> GARUDA INDONESIA | AH21: ='1'!AH21 -> IDR | AN21: PPD X | AP21: COLL X | AR21: PPD X | AT21: COLL | AV21: ='1'!AV21 -> NVD | BE21: ='1'!BE21 -> NCV
A22: Airport of Destination | R22: Flight/Date | AD22: Flight/Date | AH22: Amount of Insurance | AR22: INSURANCE - if carrier others Insurance, and such insurance is requested in accordance with the conditions the real, indicate amount to be insured in figures in box marked "Amount of Insurance".
A23: ='1'!A23 -> SINGAPORE | R23: ='4'!R23 -> GA 824 | Z23: ='4'!Z23 -> 46171 | AH23: NIL
A24: Handling Information
A27: No. of Pieces RCP | D27: Gross Weight | J27: kg lb | L27: Rate Class | S27: Chargeable Weight | AA27: Rate | AI27: Total | AS27: Nature and Quantity of Goods (Incl. Dimensions or Volume)
M28: Commodity Item No. | AE28: Charges
A29: ='1'!A29 -> 23 | D29: ='1'!D29 -> 398 | J29: K | L29: Q | S29: ='1'!S29 -> 398 | AA29: ='1'!AA29 -> 16800 | AI29: ='1'!AI29 -> 6686400 | AS29: ='4'!AS29 -> 0
A38: =AI29 -> 6686400 | AB38: Other Charges
AB44: Shipper certifies that the particulars on the face hereof are correct and that insofar as any part of the consignment contains dangerous goods, such part is property described by name and is in proper condition for carriage by air according to the applicable Dangerous Goods Regulations.
A46: ='1'!A46 -> 1052092 | AB46: =A3 -> PT. NUR INFINIT INDOALEA GLOBAL
AB48: Signature of Shipper of this Agent
A50: =A38+A46 -> 7738492
AC52: ='1'!AC52 -> 46171 | AO52: ='1'!AO52 -> CGK
AB53: Executed on | AJ53: (Date) | AP53: At | AU53: (Place) | BA53: Signature of Issuing Carrier or its Agent
A54: For Carrier's Use Only At Destination | AO54: =AT1 -> 126-91929552
A56: Copy 5 - (Airport of Destination)

Sheet 6
A1: ='1'!A1 -> 126 | D1: CGK | G1: ='1'!G1 -> 91929552 | AT1: ='1'!AT1 -> 126-91929552
A2: Shipper's Name and Address | T2: Shipper's Account Number | AH2: Not Negotiable | AN2: ='1'!AN2 -> GARUDA INDONESIA
A3: ='1'!A3 -> PT. NUR INFINIT INDOALEA GLOBAL | AH3: Air Waybill
A4: ='1'!A4 -> JALAN GADING KIRANA TIMUR, A-11 / 15 DESA KELAPA GADING BARAT, KEC. KELAPA GADING, KOTA ADM. JAKARTA UTARA,PROVINSI DKI JAKARTA,14240 TLP +087835048980 | AH4: Issued by
AH6: Copies 1, 2 and 3 of this Air Waybill are originals and have the same validity
A7: Consignee Name and Address | T7: Consignee's Account Number | AH7: It is agreed that the goods described herein are accepted in apparent good order and condition (except as noted) for carriage SUBJECT TO THE CONDITIONS OF CONTRACT ON THE REVERSE HEREOF. ALL GOODS MAY BE CARRIED BY ANY OTHER MEANS INCLUDING ROAD OR ANY OTHER CARRIER UNLESS SPECIFIC CONTRARY INSTRUCTIONS ARE GIVEN HEREON BY THE SHIPPER, AND SHIPPER AGREES THAT THE SHIPMENT MAY BE CARRIED VIA INTERMEDIATE STOPPING PLACES WHICH THE CARRIER DEEMS APPROPRIATE. THE SHIPPER’S ATTENTION IS DRAWN TO THE NOTICE CONCERNING CARRIER’S LIMITATION OF LIABILITY. Shipper may increase such limitation of liability by declaring a higher value for carriage and paying a supplemental charge if required.
A8: ='1'!A8 -> LINEHAUL EXPRESS SINGAPORE PTE LTD
A9: ='1'!A9 -> 7 AIRLINE ROAD, 03-12 CARGO AGENT'S BUILDING - E SINGAPORE - 819834 PHONE +65 65453778
A13: Issuing Carrier's Agent Name and City | AH13: Accounting Information
A14: ='1'!A14 -> PT PLI
A16: Agent's IATA Code | Q16: Account No.
A18: Airport of Departure (Addr. Of First Carrier) and Requested Routing
A19: ='1'!A19 -> SOEKARNO-HATTA INTERNATIONAL AIRPORT
A20: ='1'!A20 -> SIN | D20: By first Carrier | V20: to | Y20: by | AB20: to | AE20: by | AH20: Currency | AL20: Chgs. Code | AN20: WT/VAL | AR20: Other | AV20: Declared Value for Carriage | BE20: Declared Value for Customs
D21: ='1'!D21 -> GARUDA INDONESIA | AH21: ='1'!AH21 -> IDR | AN21: PPD X | AP21: COLL X | AR21: PPD X | AT21: COLL | AV21: ='1'!AV21 -> NVD | BE21: ='1'!BE21 -> NCV
A22: Airport of Destination | R22: Flight/Date | AD22: Flight/Date | AH22: Amount of Insurance | AR22: INSURANCE - if carrier others Insurance, and such insurance is requested in accordance with the conditions the real, indicate amount to be insured in figures in box marked "Amount of Insurance".
A23: ='1'!A23 -> SINGAPORE | R23: ='5'!R23 -> GA 824 | Z23: ='5'!Z23 -> 46171 | AH23: NIL
A24: Handling Information
A27: No. of Pieces RCP | D27: Gross Weight | J27: kg lb | L27: Rate Class | S27: Chargeable Weight | AA27: Rate | AI27: Total | AS27: Nature and Quantity of Goods (Incl. Dimensions or Volume)
M28: Commodity Item No. | AE28: Charges
A29: ='1'!A29 -> 23 | D29: ='1'!D29 -> 398 | J29: K | L29: Q | S29: ='1'!S29 -> 398 | AA29: ='1'!AA29 -> 16800 | AI29: ='1'!AI29 -> 6686400 | AS29: ='5'!AS29 -> 0
A41: =AI29 -> 6686400 | AB41: Other Charges
AB47: Shipper certifies that the particulars on the face hereof are correct and that insofar as any part of the consignment contains dangerous goods, such part is property described by name and is in proper condition for carriage by air according to the applicable Dangerous Goods Regulations.
A49: ='1'!A46 -> 1052092 | AB49: =A3 -> PT. NUR INFINIT INDOALEA GLOBAL
AB51: Signature of Shipper of this Agent
A53: =A41+A49 -> 7738492
AC55: ='1'!AC52 -> 46171 | AO55: ='1'!AO52 -> CGK
AB56: Executed on | AJ56: (Date) | AP56: At | AU56: (Place) | BA56: Signature of Issuing Carrier or its Agent
A57: For Carrier's Use Only At Destination | AO57: =AT1 -> 126-91929552
A59: Copy 6 - (Third Carrier)

Sheet 7
A1: ='1'!A1 -> 126 | D1: CGK | G1: ='1'!G1 -> 91929552 | AT1: ='1'!AT1 -> 126-91929552
A2: Shipper's Name and Address | T2: Shipper's Account Number | AH2: Not Negotiable | AN2: ='1'!AN2 -> GARUDA INDONESIA
A3: ='1'!A3 -> PT. NUR INFINIT INDOALEA GLOBAL | AH3: Air Waybill
A4: ='1'!A4 -> JALAN GADING KIRANA TIMUR, A-11 / 15 DESA KELAPA GADING BARAT, KEC. KELAPA GADING, KOTA ADM. JAKARTA UTARA,PROVINSI DKI JAKARTA,14240 TLP +087835048980 | AH4: Issued by
AH6: Copies 1, 2 and 3 of this Air Waybill are originals and have the same validity
A7: Consignee Name and Address | T7: Consignee's Account Number | AH7: It is agreed that the goods described herein are accepted in apparent good order and condition (except as noted) for carriage SUBJECT TO THE CONDITIONS OF CONTRACT ON THE REVERSE HEREOF. ALL GOODS MAY BE CARRIED BY ANY OTHER MEANS INCLUDING ROAD OR ANY OTHER CARRIER UNLESS SPECIFIC CONTRARY INSTRUCTIONS ARE GIVEN HEREON BY THE SHIPPER, AND SHIPPER AGREES THAT THE SHIPMENT MAY BE CARRIED VIA INTERMEDIATE STOPPING PLACES WHICH THE CARRIER DEEMS APPROPRIATE. THE SHIPPER’S ATTENTION IS DRAWN TO THE NOTICE CONCERNING CARRIER’S LIMITATION OF LIABILITY. Shipper may increase such limitation of liability by declaring a higher value for carriage and paying a supplemental charge if required.
A8: ='1'!A8 -> LINEHAUL EXPRESS SINGAPORE PTE LTD
A9: ='1'!A9 -> 7 AIRLINE ROAD, 03-12 CARGO AGENT'S BUILDING - E SINGAPORE - 819834 PHONE +65 65453778
A13: Issuing Carrier's Agent Name and City | AH13: Accounting Information
A14: ='1'!A14 -> PT PLI
A16: Agent's IATA Code | Q16: Account No.
A18: Airport of Departure (Addr. Of First Carrier) and Requested Routing
A19: ='1'!A19 -> SOEKARNO-HATTA INTERNATIONAL AIRPORT
A20: ='1'!A20 -> SIN | D20: By first Carrier | V20: to | Y20: by | AB20: to | AE20: by | AH20: Currency | AL20: Chgs. Code | AN20: WT/VAL | AR20: Other | AV20: Declared Value for Carriage | BE20: Declared Value for Customs
D21: ='1'!D21 -> GARUDA INDONESIA | AH21: ='1'!AH21 -> IDR | AN21: PPD X | AP21: COLL X | AR21: PPD X | AT21: COLL | AV21: ='1'!AV21 -> NVD | BE21: ='1'!BE21 -> NCV
A22: Airport of Destination | R22: Flight/Date | AD22: Flight/Date | AH22: Amount of Insurance | AR22: INSURANCE - if carrier others Insurance, and such insurance is requested in accordance with the conditions the real, indicate amount to be insured in figures in box marked "Amount of Insurance".
A23: ='1'!A23 -> SINGAPORE | R23: ='6'!R23 -> GA 824 | Z23: ='6'!Z23 -> 46171 | AH23: NIL
A24: Handling Information
A27: No. of Pieces RCP | D27: Gross Weight | J27: kg lb | L27: Rate Class | S27: Chargeable Weight | AA27: Rate | AI27: Total | AS27: Nature and Quantity of Goods (Incl. Dimensions or Volume)
M28: Commodity Item No. | AE28: Charges
A29: ='1'!A29 -> 23 | D29: ='1'!D29 -> 398 | J29: K | L29: Q | S29: ='1'!S29 -> 398 | AA29: ='1'!AA29 -> 16800 | AI29: ='1'!AI29 -> 6686400 | AS29: ='6'!AS29 -> 0
A36: =AI29 -> 6686400 | AB36: Other Charges
AB42: Shipper certifies that the particulars on the face hereof are correct and that insofar as any part of the consignment contains dangerous goods, such part is property described by name and is in proper condition for carriage by air according to the applicable Dangerous Goods Regulations.
A44: ='1'!A46 -> 1052092 | AB44: =A3 -> PT. NUR INFINIT INDOALEA GLOBAL
AB46: Signature of Shipper of this Agent
A48: =A36+A44 -> 7738492
AC50: ='1'!AC52 -> 46171 | AO50: ='1'!AO52 -> CGK
AB51: Executed on | AJ51: (Date) | AP51: At | AU51: (Place) | BA51: Signature of Issuing Carrier or its Agent
A52: For Carrier's Use Only At Destination | AO52: =AT1 -> 126-91929552
A54: Copy 7 - (Second Carrier)

Sheet 8
A1: ='1'!A1 -> 126 | D1: CGK | G1: ='1'!G1 -> 91929552 | AT1: ='1'!AT1 -> 126-91929552
A2: Shipper's Name and Address | T2: Shipper's Account Number | AH2: Not Negotiable | AN2: ='1'!AN2 -> GARUDA INDONESIA
A3: ='1'!A3 -> PT. NUR INFINIT INDOALEA GLOBAL | AH3: Air Waybill
A4: ='1'!A4 -> JALAN GADING KIRANA TIMUR, A-11 / 15 DESA KELAPA GADING BARAT, KEC. KELAPA GADING, KOTA ADM. JAKARTA UTARA,PROVINSI DKI JAKARTA,14240 TLP +087835048980 | AH4: Issued by
AH6: Copies 1, 2 and 3 of this Air Waybill are originals and have the same validity
A7: Consignee Name and Address | T7: Consignee's Account Number | AH7: It is agreed that the goods described herein are accepted in apparent good order and condition (except as noted) for carriage SUBJECT TO THE CONDITIONS OF CONTRACT ON THE REVERSE HEREOF. ALL GOODS MAY BE CARRIED BY ANY OTHER MEANS INCLUDING ROAD OR ANY OTHER CARRIER UNLESS SPECIFIC CONTRARY INSTRUCTIONS ARE GIVEN HEREON BY THE SHIPPER, AND SHIPPER AGREES THAT THE SHIPMENT MAY BE CARRIED VIA INTERMEDIATE STOPPING PLACES WHICH THE CARRIER DEEMS APPROPRIATE. THE SHIPPER’S ATTENTION IS DRAWN TO THE NOTICE CONCERNING CARRIER’S LIMITATION OF LIABILITY. Shipper may increase such limitation of liability by declaring a higher value for carriage and paying a supplemental charge if required.
A8: ='1'!A8 -> LINEHAUL EXPRESS SINGAPORE PTE LTD
A9: ='1'!A9 -> 7 AIRLINE ROAD, 03-12 CARGO AGENT'S BUILDING - E SINGAPORE - 819834 PHONE +65 65453778
A13: Issuing Carrier's Agent Name and City | AH13: Accounting Information
A14: ='1'!A14 -> PT PLI
A16: Agent's IATA Code | Q16: Account No.
A18: Airport of Departure (Addr. Of First Carrier) and Requested Routing
A19: ='1'!A19 -> SOEKARNO-HATTA INTERNATIONAL AIRPORT
A20: ='1'!A20 -> SIN | D20: By first Carrier | V20: to | Y20: by | AB20: to | AE20: by | AH20: Currency | AL20: Chgs. Code | AN20: WT/VAL | AR20: Other | AV20: Declared Value for Carriage | BE20: Declared Value for Customs
D21: ='1'!D21 -> GARUDA INDONESIA | AH21: ='1'!AH21 -> IDR | AN21: PPD X | AP21: COLL X | AR21: PPD X | AT21: COLL | AV21: ='1'!AV21 -> NVD | BE21: ='1'!BE21 -> NCV
A22: Airport of Destination | R22: Flight/Date | AD22: Flight/Date | AH22: Amount of Insurance | AR22: INSURANCE - if carrier others Insurance, and such insurance is requested in accordance with the conditions the real, indicate amount to be insured in figures in box marked "Amount of Insurance".
A23: ='1'!A23 -> SINGAPORE | R23: ='7'!R23 -> GA 824 | Z23: ='7'!Z23 -> 46171 | AH23: NIL
A24: Handling Information
A25: ='1'!A25 -> 0
A26: ='7'!A26 -> 0
A27: No. of Pieces RCP | D27: Gross Weight | J27: kg lb | L27: Rate Class | S27: Chargeable Weight | AA27: Rate | AI27: Total | AS27: Nature and Quantity of Goods (Incl. Dimensions or Volume)
M28: Commodity Item No. | AE28: Charges
A29: ='1'!A29 -> 23 | D29: ='1'!D29 -> 398 | J29: K | L29: Q | S29: ='1'!S29 -> 398 | AA29: ='1'!AA29 -> 16800 | AI29: ='1'!AI29 -> 6686400 | AS29: ='7'!AS29 -> 0
A36: =AI29 -> 6686400 | AB36: Other Charges
AB42: Shipper certifies that the particulars on the face hereof are correct and that insofar as any part of the consignment contains dangerous goods, such part is property described by name and is in proper condition for carriage by air according to the applicable Dangerous Goods Regulations.
A44: ='1'!A46 -> 1052092 | AB44: =A3 -> PT. NUR INFINIT INDOALEA GLOBAL
AB46: Signature of Shipper of this Agent
A48: =A36+A44 -> 7738492
AC50: ='1'!AC52 -> 46171 | AO50: ='1'!AO52 -> CGK
AB51: Executed on | AJ51: (Date) | AP51: At | AU51: (Place) | BA51: Signature of Issuing Carrier or its Agent
A52: For Carrier's Use Only At Destination | AO52: =AT1 -> 126-91929552
A54: Copy 8 - (First Carrier)

Sheet 9
A1: ='1'!A1 -> 126 | D1: CGK | G1: ='1'!G1 -> 91929552 | AT1: ='1'!AT1 -> 126-91929552
A2: Shipper's Name and Address | T2: Shipper's Account Number | AH2: Not Negotiable | AN2: ='1'!AN2 -> GARUDA INDONESIA
A3: ='1'!A3 -> PT. NUR INFINIT INDOALEA GLOBAL | AH3: Air Waybill
A4: ='1'!A4 -> JALAN GADING KIRANA TIMUR, A-11 / 15 DESA KELAPA GADING BARAT, KEC. KELAPA GADING, KOTA ADM. JAKARTA UTARA,PROVINSI DKI JAKARTA,14240 TLP +087835048980 | AH4: Issued by
AH6: Copies 1, 2 and 3 of this Air Waybill are originals and have the same validity
A7: Consignee Name and Address | T7: Consignee's Account Number | AH7: It is agreed that the goods described herein are accepted in apparent good order and condition (except as noted) for carriage SUBJECT TO THE CONDITIONS OF CONTRACT ON THE REVERSE HEREOF. ALL GOODS MAY BE CARRIED BY ANY OTHER MEANS INCLUDING ROAD OR ANY OTHER CARRIER UNLESS SPECIFIC CONTRARY INSTRUCTIONS ARE GIVEN HEREON BY THE SHIPPER, AND SHIPPER AGREES THAT THE SHIPMENT MAY BE CARRIED VIA INTERMEDIATE STOPPING PLACES WHICH THE CARRIER DEEMS APPROPRIATE. THE SHIPPER’S ATTENTION IS DRAWN TO THE NOTICE CONCERNING CARRIER’S LIMITATION OF LIABILITY. Shipper may increase such limitation of liability by declaring a higher value for carriage and paying a supplemental charge if required.
A8: ='1'!A8 -> LINEHAUL EXPRESS SINGAPORE PTE LTD
A9: ='1'!A9 -> 7 AIRLINE ROAD, 03-12 CARGO AGENT'S BUILDING - E SINGAPORE - 819834 PHONE +65 65453778
A13: Issuing Carrier's Agent Name and City | AH13: Accounting Information
A14: ='1'!A14 -> PT PLI
A16: Agent's IATA Code | Q16: Account No.
A18: Airport of Departure (Addr. Of First Carrier) and Requested Routing
A19: ='1'!A19 -> SOEKARNO-HATTA INTERNATIONAL AIRPORT
A20: ='1'!A20 -> SIN | D20: By first Carrier | V20: to | Y20: by | AB20: to | AE20: by | AH20: Currency | AL20: Chgs. Code | AN20: WT/VAL | AR20: Other | AV20: Declared Value for Carriage | BE20: Declared Value for Customs
D21: ='1'!D21 -> GARUDA INDONESIA | AH21: ='1'!AH21 -> IDR | AN21: PPD X | AP21: COLL X | AR21: PPD X | AT21: COLL | AV21: ='1'!AV21 -> NVD | BE21: ='1'!BE21 -> NCV
A22: Airport of Destination | R22: Flight/Date | AD22: Flight/Date | AH22: Amount of Insurance | AR22: INSURANCE - if carrier others Insurance, and such insurance is requested in accordance with the conditions the real, indicate amount to be insured in figures in box marked "Amount of Insurance".
A23: ='1'!A23 -> SINGAPORE | R23: ='8'!R23 -> GA 824 | Z23: ='8'!Z23 -> 46171 | AH23: NIL
A24: Handling Information
A25: ='1'!A25 -> 0
A26: ='8'!A26 -> 0
A27: No. of Pieces RCP | D27: Gross Weight | J27: kg lb | L27: Rate Class | S27: Chargeable Weight | AA27: Rate | AI27: Total | AS27: Nature and Quantity of Goods (Incl. Dimensions or Volume)
M28: Commodity Item No. | AE28: Charges
A29: ='1'!A29 -> 23 | D29: ='1'!D29 -> 398 | J29: K | L29: Q | S29: ='1'!S29 -> 398 | AA29: ='1'!AA29 -> 16800 | AI29: =AA29*S29 -> 6686400 | AS29: ='8'!AS29 -> 0
A36: =AI29 -> 6686400 | AB36: Other Charges
AB42: Shipper certifies that the particulars on the face hereof are correct and that insofar as any part of the consignment contains dangerous goods, such part is property described by name and is in proper condition for carriage by air according to the applicable Dangerous Goods Regulations.
A44: ='1'!A46 -> 1052092 | AB44: =A3 -> PT. NUR INFINIT INDOALEA GLOBAL
AB46: Signature of Shipper of this Agent
A48: =A36+A44 -> 7738492
AC50: ='1'!AC52 -> 46171 | AO50: ='1'!AO52 -> CGK
AB51: Executed on | AJ51: (Date) | AP51: At | AU51: (Place) | BA51: Signature of Issuing Carrier or its Agent
A52: For Carrier's Use Only At Destination | AO52: =AT1 -> 126-91929552
A54: Copy 9 - (For Sales Agent)

Sheet 10
A1: ='1'!A1 -> 126 | D1: CGK | G1: ='1'!G1 -> 91929552 | AT1: ='1'!AT1 -> 126-91929552
A2: Shipper's Name and Address | T2: Shipper's Account Number | AH2: Not Negotiable | AN2: ='1'!AN2 -> GARUDA INDONESIA
A3: ='1'!A3 -> PT. NUR INFINIT INDOALEA GLOBAL | AH3: Air Waybill
A4: ='1'!A4 -> JALAN GADING KIRANA TIMUR, A-11 / 15 DESA KELAPA GADING BARAT, KEC. KELAPA GADING, KOTA ADM. JAKARTA UTARA,PROVINSI DKI JAKARTA,14240 TLP +087835048980 | AH4: Issued by
AH6: Copies 1, 2 and 3 of this Air Waybill are originals and have the same validity
A7: Consignee Name and Address | T7: Consignee's Account Number | AH7: It is agreed that the goods described herein are accepted in apparent good order and condition (except as noted) for carriage SUBJECT TO THE CONDITIONS OF CONTRACT ON THE REVERSE HEREOF. ALL GOODS MAY BE CARRIED BY ANY OTHER MEANS INCLUDING ROAD OR ANY OTHER CARRIER UNLESS SPECIFIC CONTRARY INSTRUCTIONS ARE GIVEN HEREON BY THE SHIPPER, AND SHIPPER AGREES THAT THE SHIPMENT MAY BE CARRIED VIA INTERMEDIATE STOPPING PLACES WHICH THE CARRIER DEEMS APPROPRIATE. THE SHIPPER’S ATTENTION IS DRAWN TO THE NOTICE CONCERNING CARRIER’S LIMITATION OF LIABILITY. Shipper may increase such limitation of liability by declaring a higher value for carriage and paying a supplemental charge if required.
A8: ='1'!A8 -> LINEHAUL EXPRESS SINGAPORE PTE LTD
A9: ='1'!A9 -> 7 AIRLINE ROAD, 03-12 CARGO AGENT'S BUILDING - E SINGAPORE - 819834 PHONE +65 65453778
A13: Issuing Carrier's Agent Name and City | AH13: Accounting Information
A14: ='1'!A14 -> PT PLI
A16: Agent's IATA Code | Q16: Account No.
A18: Airport of Departure (Addr. Of First Carrier) and Requested Routing
A19: ='1'!A19 -> SOEKARNO-HATTA INTERNATIONAL AIRPORT
A20: ='1'!A20 -> SIN | D20: By first Carrier | V20: to | Y20: by | AB20: to | AE20: by | AH20: Currency | AL20: Chgs. Code | AN20: WT/VAL | AR20: Other | AV20: Declared Value for Carriage | BE20: Declared Value for Customs
D21: ='1'!D21 -> GARUDA INDONESIA | AH21: ='1'!AH21 -> IDR | AN21: PPD X | AP21: COLL X | AR21: PPD X | AT21: COLL | AV21: ='1'!AV21 -> NVD | BE21: ='1'!BE21 -> NCV
A22: Airport of Destination | R22: Flight/Date | AD22: Flight/Date | AH22: Amount of Insurance | AR22: INSURANCE - if carrier others Insurance, and such insurance is requested in accordance with the conditions the real, indicate amount to be insured in figures in box marked "Amount of Insurance".
A23: ='1'!A23 -> SINGAPORE | R23: ='9'!R23 -> GA 824 | Z23: ='9'!Z23 -> 46171 | AH23: NIL
A24: Handling Information
A25: ='1'!A25 -> 0
A26: ='9'!A26 -> 0
A27: No. of Pieces RCP | D27: Gross Weight | J27: kg lb | L27: Rate Class | S27: Chargeable Weight | AA27: Rate | AI27: Total | AS27: Nature and Quantity of Goods (Incl. Dimensions or Volume)
M28: Commodity Item No. | AE28: Charges
A29: ='1'!A29 -> 23 | D29: ='1'!D29 -> 398 | J29: K | L29: Q | S29: ='1'!S29 -> 398 | AA29: ='1'!AA29 -> 16800 | AI29: ='1'!AI29 -> 6686400 | AS29: ='9'!AS29 -> 0
A36: =AI29 -> 6686400 | AB36: Other Charges
AB42: Shipper certifies that the particulars on the face hereof are correct and that insofar as any part of the consignment contains dangerous goods, such part is property described by name and is in proper condition for carriage by air according to the applicable Dangerous Goods Regulations.
A44: ='1'!A46 -> 1052092 | AB44: =A3 -> PT. NUR INFINIT INDOALEA GLOBAL
AB46: Signature of Shipper of this Agent
A48: =A36+A44 -> 7738492
AC50: ='1'!AC52 -> 46171 | AO50: ='1'!AO52 -> CGK
AB51: Executed on | AJ51: (Date) | AP51: At | AU51: (Place) | BA51: Signature of Issuing Carrier or its Agent
A52: For Carrier's Use Only At Destination | AO52: =AT1 -> 126-91929552
A54: Copy 10 - (Extra Copy for Carrier)
